id;name;supplier;brand;image
2097;"Eglo 49403 Vintage";"Supp 1";;http://test15.digitalforce.ua/images/catalog_products/2/catalog_products.2097.1.b.jpg
2098;"Eglo 49404 Vintage";"Supp 1";;http://test15.digitalforce.ua/images/catalog_products/2/catalog_products.2098.1.b.jpg
2099;"Eglo 49406 Vintage";"Supp 1";;http://test15.digitalforce.ua/images/catalog_products/2/catalog_products.2099.1.b.jpg
2100;"Eglo 49407 Vintage";"Supp 1";;
2101;"Eglo 49408 Vintage";"Supp 1";;
2102;"Eglo 49409 Vintage";"Supp 1";;http://test15.digitalforce.ua/images/catalog_products/2/catalog_products.2102.1.b.jpg
2103;"Eglo 49412 Vintage";"Supp 1";;http://test15.digitalforce.ua/images/catalog_products/2/catalog_products.2103.1.b.jpg
2104;"Eglo 49413 Vintage";"Supp 1";;http://test15.digitalforce.ua/images/catalog_products/2/catalog_products.2104.1.b.jpg
2105;"Eglo 49414 Vintage";"Supp 1";;
2106;"Eglo 49416 Vintage";"Supp 1";;http://test15.digitalforce.ua/images/catalog_products/2/catalog_products.2106.1.b.jpg
2107;"Eglo 49417 Vintage";"Supp 1";;
2108;"Eglo 49418 Vintage";"Supp 1";;http://test15.digitalforce.ua/images/catalog_products/2/catalog_products.2108.1.b.jpg
2109;"Eglo 49419 Vintage";"Supp 1";;http://test15.digitalforce.ua/images/catalog_products/2/catalog_products.2109.1.b.jpg
2110;"Eglo 49421 Vintage";"Supp 1";;
2111;"Eglo 49422 Vintage";"Supp 1";;http://test15.digitalforce.ua/images/catalog_products/2/catalog_products.2111.1.b.jpg
2112;"Eglo 49423 Vintage";"Supp 1";;http://test15.digitalforce.ua/images/catalog_products/2/catalog_products.2112.1.b.jpg
2113;"Eglo 49424 Vintage";Поставщик;;http://test15.digitalforce.ua/images/catalog_products/2/catalog_products.2113.1.b.jpg
2114;"Eglo 49425 Vintage";Поставщик;;
2115;"Eglo 49426 Vintage";Поставщик;;
2116;"Eglo 49427 Vintage";Поставщик;;
2117;"Eglo 49428 Vintage";Поставщик;;http://test15.digitalforce.ua/images/catalog_products/2/catalog_products.2117.1.b.jpg
2118;"Eglo 49429 Vintage";Поставщик;;http://test15.digitalforce.ua/images/catalog_products/2/catalog_products.2118.1.b.jpg
2119;"Eglo 49431 Vintage";Поставщик;;http://test15.digitalforce.ua/images/catalog_products/2/catalog_products.2119.1.b.jpg
2120;"Eglo 49432 Vintage";Поставщик;;http://test15.digitalforce.ua/images/catalog_products/2/catalog_products.2120.1.b.jpg
2121;"Eglo 49433 Vintage";Поставщик;;http://test15.digitalforce.ua/images/catalog_products/2/catalog_products.2121.1.b.jpg
2122;"Eglo 49434 Vintage";Поставщик;;
2123;"Eglo 49435 Vintage";Поставщик;;http://test15.digitalforce.ua/images/catalog_products/2/catalog_products.2123.1.b.jpg
2124;"Eglo 49436 Vintage";Поставщик;;http://test15.digitalforce.ua/images/catalog_products/2/catalog_products.2124.1.b.jpg
2125;"Eglo 49437 Vintage";Поставщик;;http://test15.digitalforce.ua/images/catalog_products/2/catalog_products.2125.1.b.jpg
2126;"Eglo 49438 Vintage";Поставщик;;http://test15.digitalforce.ua/images/catalog_products/2/catalog_products.2126.1.b.jpg
2127;"Eglo 49441 Vintage";Поставщик;;http://test15.digitalforce.ua/images/catalog_products/2/catalog_products.2127.1.b.jpg
2128;"Eglo 49442 Vintage";Поставщик;;http://test15.digitalforce.ua/images/catalog_products/2/catalog_products.2128.1.b.jpg
2163;"Eglo 49498 Vintage";Поставщик;;
2185;"Eglo 49848 Gillingham";Поставщик;;
2193;"Eglo 49956 Vintage";Поставщик;;
2194;"Eglo 49958 Vintage";Поставщик;;
2195;"Eglo 49959 Vintage";Поставщик;;
2196;"Eglo 49961 Vintage";Поставщик;;
2197;"Eglo 49963 Vintage";Поставщик;;
2198;"Eglo 49964 Vintage";Поставщик;;
2199;"Eglo 49965 Vintage";Поставщик;;
2200;"Eglo 49966 Vintage";Поставщик;;
2201;"Eglo 49968 Vintage";Поставщик;;
2202;"Eglo 49971 Vintage";Поставщик;;
2203;"Eglo 49973 Vintage";Поставщик;;
2204;"Eglo 49974 Vintage";Поставщик;;
2205;"Eglo 49976 Vintage";Поставщик;;
2206;"Eglo 49977 Vintage";Поставщик;;
2207;"Eglo 49978 Vintage";Поставщик;;
2208;"Eglo 49979 Vintage";Поставщик;;
2209;"Eglo 49982 Vintage";Поставщик;;
2210;"Eglo 49984 Vintage";Поставщик;;
2211;"Eglo 49986 Vintage";Поставщик;;
2998;"Eglo 88745 Cuba";Поставщик;;
2999;"Eglo 88746 Cuba";Поставщик;;
3000;"Eglo 88747 Cuba";Поставщик;;
3001;"Eglo 88748 Cuba";Поставщик;;
3002;"Eglo 88749 Cuba";Поставщик;;
3003;"Eglo 88751 Cuba";Поставщик;;
3004;"Eglo 88754 Cuba";Поставщик;;
3005;"Eglo 88755 Cuba";Поставщик;;
3195;"Eglo 89389 Cuba";Поставщик;;
3475;"Eglo 90248 My Choice";Поставщик;;
3476;"Eglo 90249 My Choice";Поставщик;;
3477;"Eglo 90252 My Choice";Поставщик;;
3478;"Eglo 90254 My Choice";Поставщик;;
3479;"Eglo 90256 My Choice";Поставщик;;
3480;"Eglo 90257 My Choice";Поставщик;;
3481;"Eglo 90259 My Choice";Поставщик;;
3482;"Eglo 90261 My Choice";Поставщик;;
3483;"Eglo 90263 My Choice";Поставщик;;
3484;"Eglo 90264 My Choice";Поставщик;;
3485;"Eglo 90265 My Choice";Поставщик;;
3486;"Eglo 90266 My Choice";Поставщик;;
3487;"Eglo 90267 My Choice";Поставщик;;
3488;"Eglo 90268 My Choice";Поставщик;;
3836;"Eglo 91317 My Choice";Поставщик;;
4269;"Eglo 92404 My Choice";Поставщик;;
4270;"Eglo 92405 My Choice";Поставщик;;
4271;"Eglo 92406 My Choice";Поставщик;;
4272;"Eglo 92407 My Choice";Поставщик;;
4273;"Eglo 92408 My Choice";Поставщик;;
4274;"Eglo 92409 My Choice";Поставщик;;
4275;"Eglo 92411 My Choice";Поставщик;;
4276;"Eglo 92412 My Choice";Поставщик;;
4277;"Eglo 92413 My Choice";Поставщик;;
4278;"Eglo 92414 My Choice";Поставщик;;
4279;"Eglo 92415 My Choice";Поставщик;;
4280;"Eglo 92416 My Choice";Поставщик;;
4281;"Eglo 92417 My Choice";Поставщик;;
4282;"Eglo 92418 My Choice";Поставщик;;
4283;"Eglo 92419 My Choice";Поставщик;;
4284;"Eglo 92421 My Choice";Поставщик;;
4285;"Eglo 92422 My Choice";Поставщик;;
4286;"Eglo 92423 My Choice";Поставщик;;
4287;"Eglo 92424 My Choice";Поставщик;;
4288;"Eglo 92425 My Choice";Поставщик;;
4289;"Eglo 92426 My Choice";Поставщик;;
4290;"Eglo 92427 My Choice";Поставщик;;
4291;"Eglo 92428 My Choice";Поставщик;;
4292;"Eglo 92429 My Choice";Поставщик;;
4293;"Eglo 92431 My Choice";Поставщик;;
4294;"Eglo 92432 My Choice";Поставщик;;
4295;"Eglo 92433 My Choice";Поставщик;;
4296;"Eglo 92434 My Choice";Поставщик;;
4297;"Eglo 92435 My Choice";Поставщик;;
4298;"Eglo 92436 My Choice";Поставщик;;
4299;"Eglo 92438 My Choice";Поставщик;;
4300;"Eglo 92439 My Choice";Поставщик;;
4301;"Eglo 92441 My Choice";Поставщик;;
4302;"Eglo 92442 My Choice";Поставщик;;
4303;"Eglo 92443 My Choice";Поставщик;;
4304;"Eglo 92444 My Choice";Test1;;
4305;"Eglo 92445 My Choice";Test1;;
4306;"Eglo 92446 My Choice";Test1;;
4500;"Eglo 92866 My Choice";Test1;;
4501;"Eglo 92867 My Choice";Test1;;
4502;"Eglo 92868 My Choice";Test1;;
4503;"Eglo 92871 My Choice";Test1;;
7002;"Nowodvorski 4948 Abazur";Test1;;http://test15.digitalforce.ua/images/catalog_products/7/catalog_products.7002.1.b.jpg
2096;"Eglo 49402 Vintage";Test1;;http://test15.digitalforce.ua/images/catalog_products/2/catalog_products.2096.1.b.jpg
